domain,isIOC,Description
akamaicontainer.com,TRUE,https://www.reddit.com/r/crowdstrike/comments/125r3uu/20230329_situational_awareness_crowdstrike/
akamaitechcloudservices.com,TRUE,https://www.reddit.com/r/crowdstrike/comments/125r3uu/20230329_situational_awareness_crowdstrike/
azuredeploystore.com,TRUE,https://www.reddit.com/r/crowdstrike/comments/125r3uu/20230329_situational_awareness_crowdstrike/
azureonlinecloud.com,TRUE,https://www.reddit.com/r/crowdstrike/comments/125r3uu/20230329_situational_awareness_crowdstrike/
azureonlinestorage.com,TRUE,https://www.reddit.com/r/crowdstrike/comments/125r3uu/20230329_situational_awareness_crowdstrike/
dunamistrd.com,TRUE,https://www.reddit.com/r/crowdstrike/comments/125r3uu/20230329_situational_awareness_crowdstrike/
glcloudservice.com,TRUE,https://www.reddit.com/r/crowdstrike/comments/125r3uu/20230329_situational_awareness_crowdstrike/
journalide.org,TRUE,https://www.reddit.com/r/crowdstrike/comments/125r3uu/20230329_situational_awareness_crowdstrike/
msedgepackageinfo.com,TRUE,https://www.reddit.com/r/crowdstrike/comments/125r3uu/20230329_situational_awareness_crowdstrike/
msstorageazure.com,TRUE,https://www.reddit.com/r/crowdstrike/comments/125r3uu/20230329_situational_awareness_crowdstrike/
msstorageboxes.com,TRUE,https://www.reddit.com/r/crowdstrike/comments/125r3uu/20230329_situational_awareness_crowdstrike/
officeaddons.com,TRUE,https://www.reddit.com/r/crowdstrike/comments/125r3uu/20230329_situational_awareness_crowdstrike/
officestoragebox.com,TRUE,https://www.reddit.com/r/crowdstrike/comments/125r3uu/20230329_situational_awareness_crowdstrike/
pbxcloudeservices.com,TRUE,https://www.reddit.com/r/crowdstrike/comments/125r3uu/20230329_situational_awareness_crowdstrike/
pbxphonenetwork.com,TRUE,https://www.reddit.com/r/crowdstrike/comments/125r3uu/20230329_situational_awareness_crowdstrike/
pbxsources.com,TRUE,https://www.reddit.com/r/crowdstrike/comments/125r3uu/20230329_situational_awareness_crowdstrike/
qwepoi123098.com,TRUE,https://www.reddit.com/r/crowdstrike/comments/125r3uu/20230329_situational_awareness_crowdstrike/
sbmsa.wiki,TRUE,https://www.reddit.com/r/crowdstrike/comments/125r3uu/20230329_situational_awareness_crowdstrike/
sourceslabs.com,TRUE,https://www.reddit.com/r/crowdstrike/comments/125r3uu/20230329_situational_awareness_crowdstrike/
visualstudiofactory.com,TRUE,https://www.reddit.com/r/crowdstrike/comments/125r3uu/20230329_situational_awareness_crowdstrike/
zacharryblogs.com,TRUE,https://www.reddit.com/r/crowdstrike/comments/125r3uu/20230329_situational_awareness_crowdstrike/
www.3cx.com,TRUE,https://www.sentinelone.com/blog/smoothoperator-ongoing-campaign-trojanizes-3cx-software-in-software-supply-chain-attack/
akamaitechcloudservices.com,TRUE,https://www.sentinelone.com/blog/smoothoperator-ongoing-campaign-trojanizes-3cx-software-in-software-supply-chain-attack/
azureonlinestorage.com,TRUE,https://www.sentinelone.com/blog/smoothoperator-ongoing-campaign-trojanizes-3cx-software-in-software-supply-chain-attack/
msedgepackageinfo.com,TRUE,https://www.sentinelone.com/blog/smoothoperator-ongoing-campaign-trojanizes-3cx-software-in-software-supply-chain-attack/
glcloudservice.com,TRUE,https://www.sentinelone.com/blog/smoothoperator-ongoing-campaign-trojanizes-3cx-software-in-software-supply-chain-attack/
pbxsources.com,TRUE,https://www.sentinelone.com/blog/smoothoperator-ongoing-campaign-trojanizes-3cx-software-in-software-supply-chain-attack/
msstorageazure.com,TRUE,https://www.sentinelone.com/blog/smoothoperator-ongoing-campaign-trojanizes-3cx-software-in-software-supply-chain-attack/
officestoragebox.com,TRUE,https://www.sentinelone.com/blog/smoothoperator-ongoing-campaign-trojanizes-3cx-software-in-software-supply-chain-attack/
visualstudiofactory.com,TRUE,https://www.sentinelone.com/blog/smoothoperator-ongoing-campaign-trojanizes-3cx-software-in-software-supply-chain-attack/
azuredeploystore.com,TRUE,https://www.sentinelone.com/blog/smoothoperator-ongoing-campaign-trojanizes-3cx-software-in-software-supply-chain-attack/
msstorageboxes.com,TRUE,https://www.sentinelone.com/blog/smoothoperator-ongoing-campaign-trojanizes-3cx-software-in-software-supply-chain-attack/
officeaddons.com,TRUE,https://www.sentinelone.com/blog/smoothoperator-ongoing-campaign-trojanizes-3cx-software-in-software-supply-chain-attack/
sourceslabs.com,TRUE,https://www.sentinelone.com/blog/smoothoperator-ongoing-campaign-trojanizes-3cx-software-in-software-supply-chain-attack/
zacharryblogs.com,TRUE,https://www.sentinelone.com/blog/smoothoperator-ongoing-campaign-trojanizes-3cx-software-in-software-supply-chain-attack/
pbxcloudeservices.com,TRUE,https://www.sentinelone.com/blog/smoothoperator-ongoing-campaign-trojanizes-3cx-software-in-software-supply-chain-attack/
pbxphonenetwork.com,TRUE,https://www.sentinelone.com/blog/smoothoperator-ongoing-campaign-trojanizes-3cx-software-in-software-supply-chain-attack/
msedgeupdate.net,TRUE,https://www.sentinelone.com/blog/smoothoperator-ongoing-campaign-trojanizes-3cx-software-in-software-supply-chain-attack/